timestamp,patient_id,scenario,heart_rate,spo2,temperature,acceleration,score,status,risk_level,trend_flag,hr_trend,spo2_trend,temp_trend,stability_status,early_warning,smart_explanation,reason,action
2026-05-11 19:09:41,P001,normal,73,96,36.6,0.47,0,NORMAL,Low,Stable,Stable,Stable,Stable,Collecting data,No early deterioration pattern detected,"Trend analysis: HR is stable, SpO2 is stable, and temperature is stable. Overall stability: collecting data.",Vitals stable within personalized thresholds,Continue monitoring
2026-05-11 19:09:41,P001,fall,88,93,37.1,4.03,5,WARNING,Moderate,Stable,Stable,Stable,Stable,Collecting data,No early deterioration pattern detected,"Trend analysis: HR is stable, SpO2 is stable, and temperature is stable. Overall stability: collecting data.",High acceleration detected (possible fall),Notify caregiver | Continue close monitoring
2026-05-11 19:09:41,P001,low_oxygen,91,83,37.0,0.6,4,WARNING,Moderate,Stable,Stable,Stable,Stable,Collecting data,No early deterioration pattern detected,"Trend analysis: HR is stable, SpO2 is stable, and temperature is stable. Overall stability: collecting data.",Low SpO2 below personalized threshold (< 91%),Notify caregiver | Continue close monitoring
2026-05-11 19:09:41,P001,spo2_borderline,106,92,37.1,0.33,7,WARNING,Moderate,Heart rate rising + SpO2 falling + Temperature rising,Rising,Falling,Rising,Collecting data,Possible physiological deterioration: HR rising while SpO2 is falling,"Trend analysis: HR is rising, SpO2 is falling, and temperature is rising. Overall stability: collecting data.",Heart rate rising over recent readings (avg change: +22 bpm) + Oxygen saturation falling over recent readings (avg change: -6.67%) + Rapid heart-rate increase detected + Correlated deterioration pattern detected,Notify caregiver | Continue close monitoring
2026-05-11 19:09:41,P001,normal,65,98,36.5,0.31,0,NORMAL,Low,Heart rate rising + SpO2 falling,Rising,Falling,Stable,Unstable,No early deterioration pattern detected,"Trend analysis: HR is rising, SpO2 is falling, and temperature is stable. Overall stability: unstable.",Vitals stable within personalized thresholds,Continue monitoring
2026-05-11 19:09:41,P001,high_hr,118,96,37.2,0.55,5,WARNING,Moderate,Heart rate rising + SpO2 rising,Rising,Rising,Stable,Unstable,No early deterioration pattern detected,"Trend analysis: HR is rising, SpO2 is rising, and temperature is stable. Overall stability: unstable.",High heart rate above personalized threshold (> 110 bpm) + Heart rate rising over recent readings (avg change: +12.33 bpm) + Rapid heart-rate increase detected + Unstable vital-sign pattern detected,Notify caregiver | Continue close monitoring
2026-05-11 19:09:41,P001,normal,84,98,36.5,0.96,0,NORMAL,Low,Heart rate falling + SpO2 rising + Temperature falling,Falling,Rising,Falling,Unstable,No early deterioration pattern detected,"Trend analysis: HR is falling, SpO2 is rising, and temperature is falling. Overall stability: unstable.",Vitals stable within personalized thresholds,Continue monitoring
2026-05-11 19:09:41,P001,normal,95,95,37.3,0.49,1,NORMAL,Low,Heart rate rising + SpO2 rising,Rising,Rising,Stable,Unstable,No early deterioration pattern detected,"Trend analysis: HR is rising, SpO2 is rising, and temperature is stable. Overall stability: unstable.",Rapid oxygen drop detected + Unstable vital-sign pattern detected,Continue monitoring
2026-05-11 19:09:41,P001,low_oxygen,111,86,36.9,0.95,11,EMERGENCY,Critical,SpO2 falling,Stable,Falling,Stable,Unstable,No early deterioration pattern detected,"Trend analysis: HR is stable, SpO2 is falling, and temperature is stable. Overall stability: unstable.",Low SpO2 below personalized threshold (< 91%) + High heart rate above personalized threshold (> 110 bpm) + Oxygen saturation falling over recent readings (avg change: -2.33%) + Rapid heart-rate increase detected + Rapid oxygen drop detected + Unstable vital-sign pattern detected,Call emergency contact immediately | Trigger high-priority alert
2026-05-11 19:09:41,P001,normal,92,100,37.3,0.24,0,NORMAL,Low,Heart rate rising + SpO2 falling + Temperature rising,Rising,Falling,Rising,Unstable,No early deterioration pattern detected,"Trend analysis: HR is rising, SpO2 is falling, and temperature is rising. Overall stability: unstable.",Vitals stable within personalized thresholds,Continue monitoring
2026-05-11 19:09:41,P001,high_hr,142,98,37.0,0.24,5,WARNING,Moderate,Heart rate rising + SpO2 falling,Rising,Falling,Stable,Unstable,No early deterioration pattern detected,"Trend analysis: HR is rising, SpO2 is falling, and temperature is stable. Overall stability: unstable.",High heart rate above personalized threshold (> 110 bpm) + Heart rate rising over recent readings (avg change: +16 bpm) + Rapid heart-rate increase detected + Unstable vital-sign pattern detected,Notify caregiver | Continue close monitoring
2026-05-11 19:09:41,P001,combined_critical,149,88,37.9,3.45,17,EMERGENCY,Critical,Heart rate rising + SpO2 rising + Temperature rising,Rising,Rising,Rising,Unstable,No early deterioration pattern detected,"Trend analysis: HR is rising, SpO2 is rising, and temperature is rising. Overall stability: unstable.",High acceleration detected (possible fall) + Low SpO2 below personalized threshold (< 91%) + High heart rate above personalized threshold (> 110 bpm) + Heart rate rising over recent readings (avg change: +31.0 bpm) + Temperature rising over recent readings (avg change: +0.5 °C) + Rapid oxygen drop detected + Combined critical event after possible fall + Unstable vital-sign pattern detected,Call emergency contact immediately | Trigger high-priority alert
2026-05-11 19:09:41,P001,high_hr,134,93,37.4,0.59,4,WARNING,Moderate,Heart rate rising,Rising,Stable,Stable,Unstable,No early deterioration pattern detected,"Trend analysis: HR is rising, SpO2 is stable, and temperature is stable. Overall stability: unstable.",High heart rate above personalized threshold (> 110 bpm) + Heart rate rising over recent readings (avg change: +42.33 bpm) + Unstable vital-sign pattern detected,Notify caregiver | Continue close monitoring
2026-05-11 19:09:41,P001,high_hr,147,92,37.4,0.29,10,EMERGENCY,Critical,Heart rate rising + SpO2 falling + Temperature rising,Rising,Falling,Rising,Unstable,Possible physiological deterioration: HR rising while SpO2 is falling,"Trend analysis: HR is rising, SpO2 is falling, and temperature is rising. Overall stability: unstable.",High heart rate above personalized threshold (> 110 bpm) + Heart rate rising over recent readings (avg change: +28.33 bpm) + Oxygen saturation falling over recent readings (avg change: -3.67%) + Rapid heart-rate increase detected + Correlated deterioration pattern detected + Unstable vital-sign pattern detected,Call emergency contact immediately | Trigger high-priority alert
2026-05-11 19:09:41,P001,low_oxygen,94,88,37.4,0.87,7,WARNING,Moderate,SpO2 falling,Stable,Falling,Stable,Unstable,No early deterioration pattern detected,"Trend analysis: HR is stable, SpO2 is falling, and temperature is stable. Overall stability: unstable.",Low SpO2 below personalized threshold (< 91%) + Oxygen saturation falling over recent readings (avg change: -4.33%) + Rapid oxygen drop detected + Unstable vital-sign pattern detected,Notify caregiver | Continue close monitoring
2026-05-11 19:09:41,P001,normal,67,98,36.5,0.36,0,NORMAL,Low,Heart rate falling + Temperature falling,Falling,Stable,Falling,Unstable,No early deterioration pattern detected,"Trend analysis: HR is falling, SpO2 is stable, and temperature is falling. Overall stability: unstable.",Vitals stable within personalized thresholds,Continue monitoring
2026-05-11 19:09:41,P001,normal,74,95,36.6,0.66,1,NORMAL,Low,Heart rate falling + SpO2 rising + Temperature falling,Falling,Rising,Falling,Unstable,No early deterioration pattern detected,"Trend analysis: HR is falling, SpO2 is rising, and temperature is falling. Overall stability: unstable.",Rapid oxygen drop detected + Unstable vital-sign pattern detected,Continue monitoring
2026-05-11 19:09:41,P001,normal,78,97,36.9,0.4,0,NORMAL,Low,Heart rate falling + SpO2 rising + Temperature falling,Falling,Rising,Falling,Unstable,No early deterioration pattern detected,"Trend analysis: HR is falling, SpO2 is rising, and temperature is falling. Overall stability: unstable.",Vitals stable within personalized thresholds,Continue monitoring
2026-05-11 19:09:41,P001,normal,86,99,37.0,0.82,0,NORMAL,Low,Heart rate falling + SpO2 rising,Falling,Rising,Stable,Unstable,No early deterioration pattern detected,"Trend analysis: HR is falling, SpO2 is rising, and temperature is stable. Overall stability: unstable.",Vitals stable within personalized thresholds,Continue monitoring
2026-05-11 19:09:41,P001,normal,69,97,36.2,0.68,0,NORMAL,Low,SpO2 rising,Stable,Rising,Stable,Unstable,No early deterioration pattern detected,"Trend analysis: HR is stable, SpO2 is rising, and temperature is stable. Overall stability: unstable.",Vitals stable within personalized thresholds,Continue monitoring
2026-05-11 19:09:41,P001,normal,78,97,36.3,0.49,0,NORMAL,Low,Heart rate rising + SpO2 rising,Rising,Rising,Stable,Stable,No early deterioration pattern detected,"Trend analysis: HR is rising, SpO2 is rising, and temperature is stable. Overall stability: stable.",Vitals stable within personalized thresholds,Continue monitoring
2026-05-11 19:09:41,P001,normal,73,95,36.2,0.59,0,NORMAL,Low,Heart rate falling + Temperature falling,Falling,Stable,Falling,Stable,No early deterioration pattern detected,"Trend analysis: HR is falling, SpO2 is stable, and temperature is falling. Overall stability: stable.",Vitals stable within personalized thresholds,Continue monitoring
2026-05-11 19:09:41,P001,spo2_borderline,116,90,37.3,0.61,15,EMERGENCY,Critical,Heart rate rising + SpO2 falling,Rising,Falling,Stable,Unstable,Possible physiological deterioration: HR rising while SpO2 is falling,"Trend analysis: HR is rising, SpO2 is falling, and temperature is stable. Overall stability: unstable.",Low SpO2 below personalized threshold (< 91%) + High heart rate above personalized threshold (> 110 bpm) + Heart rate rising over recent readings (avg change: +11.33 bpm) + Oxygen saturation falling over recent readings (avg change: -3.67%) + Rapid heart-rate increase detected + Rapid oxygen drop detected + Correlated deterioration pattern detected + Unstable vital-sign pattern detected,Call emergency contact immediately | Trigger high-priority alert
2026-05-11 19:09:41,P001,normal,97,97,37.0,0.57,0,NORMAL,Low,Heart rate rising + SpO2 falling + Temperature rising,Rising,Falling,Rising,Unstable,No early deterioration pattern detected,"Trend analysis: HR is rising, SpO2 is falling, and temperature is rising. Overall stability: unstable.",Vitals stable within personalized thresholds,Continue monitoring
2026-05-11 19:09:41,P001,normal,82,100,36.3,0.81,0,NORMAL,Low,Heart rate rising + Temperature rising,Rising,Stable,Rising,Unstable,No early deterioration pattern detected,"Trend analysis: HR is rising, SpO2 is stable, and temperature is rising. Overall stability: unstable.",Vitals stable within personalized thresholds,Continue monitoring
2026-05-11 19:09:41,P001,high_hr,124,97,37.6,0.56,6,WARNING,Moderate,Heart rate rising + SpO2 rising + Temperature rising,Rising,Rising,Rising,Unstable,No early deterioration pattern detected,"Trend analysis: HR is rising, SpO2 is rising, and temperature is rising. Overall stability: unstable.",High heart rate above personalized threshold (> 110 bpm) + Heart rate rising over recent readings (avg change: +12 bpm) + Temperature rising over recent readings (avg change: +0.37 °C) + Rapid heart-rate increase detected + Unstable vital-sign pattern detected,Notify caregiver | Continue close monitoring
2026-05-11 19:09:41,P001,gradual_deterioration,118,88,37.2,0.95,9,EMERGENCY,Critical,Heart rate rising + SpO2 rising,Rising,Rising,Stable,Unstable,No early deterioration pattern detected,"Trend analysis: HR is rising, SpO2 is rising, and temperature is stable. Overall stability: unstable.",Low SpO2 below personalized threshold (< 91%) + High heart rate above personalized threshold (> 110 bpm) + Heart rate rising over recent readings (avg change: +12.67 bpm) + Rapid oxygen drop detected + Unstable vital-sign pattern detected,Call emergency contact immediately | Trigger high-priority alert
2026-05-11 19:09:41,P001,low_oxygen,110,86,37.2,0.53,10,EMERGENCY,Critical,Heart rate rising + SpO2 falling + Temperature rising,Rising,Falling,Rising,Unstable,Possible physiological deterioration: HR rising while SpO2 is falling,"Trend analysis: HR is rising, SpO2 is falling, and temperature is rising. Overall stability: unstable.",Low SpO2 below personalized threshold (< 91%) + Heart rate rising over recent readings (avg change: +19.0 bpm) + Oxygen saturation falling over recent readings (avg change: -5.33%) + Correlated deterioration pattern detected + Unstable vital-sign pattern detected,Call emergency contact immediately | Trigger high-priority alert | Escalated due to repeated emergency pattern
2026-05-11 19:09:41,P001,normal,92,99,36.2,0.78,0,NORMAL,Low,Heart rate rising + SpO2 falling,Rising,Falling,Stable,Unstable,No early deterioration pattern detected,"Trend analysis: HR is rising, SpO2 is falling, and temperature is stable. Overall stability: unstable.",Vitals stable within personalized thresholds,Continue monitoring
2026-05-11 19:09:41,P001,low_oxygen,113,86,37.5,0.79,11,EMERGENCY,Critical,Heart rate falling + SpO2 falling,Falling,Falling,Stable,Unstable,No early deterioration pattern detected,"Trend analysis: HR is falling, SpO2 is falling, and temperature is stable. Overall stability: unstable.",Low SpO2 below personalized threshold (< 91%) + High heart rate above personalized threshold (> 110 bpm) + Oxygen saturation falling over recent readings (avg change: -4.67%) + Rapid heart-rate increase detected + Rapid oxygen drop detected + Unstable vital-sign pattern detected,Call emergency contact immediately | Trigger high-priority alert
2026-05-11 19:18:53,P001,normal,75,97,37.0,0.94,0,NORMAL,Low,Stable,Stable,Stable,Stable,Collecting data,No early deterioration pattern detected,"Trend analysis: HR is stable, SpO2 is stable, and temperature is stable. Overall stability: collecting data.",Vitals stable within personalized thresholds,Continue monitoring
2026-05-11 19:18:54,P001,normal,68,100,36.5,0.97,0,NORMAL,Low,Stable,Stable,Stable,Stable,Collecting data,No early deterioration pattern detected,"Trend analysis: HR is stable, SpO2 is stable, and temperature is stable. Overall stability: collecting data.",Vitals stable within personalized thresholds,Continue monitoring
2026-05-11 19:18:55,P001,normal,94,98,36.2,0.82,0,NORMAL,Low,Stable,Stable,Stable,Stable,Collecting data,No early deterioration pattern detected,"Trend analysis: HR is stable, SpO2 is stable, and temperature is stable. Overall stability: collecting data.",Vitals stable within personalized thresholds,Continue monitoring
2026-05-11 19:18:56,P001,fall,116,88,36.9,3.9,22,EMERGENCY,Critical,Heart rate rising + SpO2 falling + Temperature falling,Rising,Falling,Falling,Collecting data,Possible physiological deterioration: HR rising while SpO2 is falling,"Trend analysis: HR is rising, SpO2 is falling, and temperature is falling. Overall stability: collecting data.",High acceleration detected (possible fall) + Low SpO2 below personalized threshold (< 91%) + High heart rate above personalized threshold (> 110 bpm) + Heart rate rising over recent readings (avg change: +17.67 bpm) + Oxygen saturation falling over recent readings (avg change: -1.67%) + Rapid heart-rate increase detected + Rapid oxygen drop detected + Correlated deterioration pattern detected + Combined critical event after possible fall,Call emergency contact immediately | Trigger high-priority alert
2026-05-11 19:18:57,P001,normal,88,96,36.3,0.64,0,NORMAL,Low,Heart rate rising + SpO2 falling,Rising,Falling,Stable,Unstable,No early deterioration pattern detected,"Trend analysis: HR is rising, SpO2 is falling, and temperature is stable. Overall stability: unstable.",Vitals stable within personalized thresholds,Continue monitoring
2026-05-11 19:18:58,P001,normal,71,97,36.7,0.74,0,NORMAL,Low,Heart rate rising + SpO2 falling,Rising,Falling,Stable,Unstable,No early deterioration pattern detected,"Trend analysis: HR is rising, SpO2 is falling, and temperature is stable. Overall stability: unstable.",Vitals stable within personalized thresholds,Continue monitoring
2026-05-11 19:18:59,P001,normal,83,100,37.3,0.78,0,NORMAL,Low,Heart rate falling + SpO2 rising,Falling,Rising,Stable,Unstable,No early deterioration pattern detected,"Trend analysis: HR is falling, SpO2 is rising, and temperature is stable. Overall stability: unstable.",Vitals stable within personalized thresholds,Continue monitoring
2026-05-11 19:19:00,P001,fall,92,97,37.5,3.77,6,WARNING,Moderate,Heart rate falling + SpO2 rising + Temperature rising,Falling,Rising,Rising,Unstable,No early deterioration pattern detected,"Trend analysis: HR is falling, SpO2 is rising, and temperature is rising. Overall stability: unstable.",High acceleration detected (possible fall) + Temperature rising over recent readings (avg change: +0.7 °C) + Unstable vital-sign pattern detected,Notify caregiver | Continue close monitoring
2026-05-11 19:19:01,P001,spo2_borderline,99,91,37.4,0.25,1,NORMAL,Low,SpO2 rising + Temperature rising,Stable,Rising,Rising,Unstable,No early deterioration pattern detected,"Trend analysis: HR is stable, SpO2 is rising, and temperature is rising. Overall stability: unstable.",Rapid oxygen drop detected + Unstable vital-sign pattern detected,Continue monitoring
2026-05-11 19:19:02,P001,normal,92,100,36.9,0.1,0,NORMAL,Low,Heart rate rising + SpO2 falling + Temperature rising,Rising,Falling,Rising,Unstable,No early deterioration pattern detected,"Trend analysis: HR is rising, SpO2 is falling, and temperature is rising. Overall stability: unstable.",Vitals stable within personalized thresholds,Continue monitoring
2026-05-11 19:19:03,P001,spo2_borderline,112,92,36.9,1.08,11,EMERGENCY,Critical,Heart rate rising + SpO2 falling,Rising,Falling,Stable,Unstable,Possible physiological deterioration: HR rising while SpO2 is falling,"Trend analysis: HR is rising, SpO2 is falling, and temperature is stable. Overall stability: unstable.",High heart rate above personalized threshold (> 110 bpm) + Heart rate rising over recent readings (avg change: +19 bpm) + Oxygen saturation falling over recent readings (avg change: -3.67%) + Rapid heart-rate increase detected + Rapid oxygen drop detected + Correlated deterioration pattern detected + Unstable vital-sign pattern detected,Call emergency contact immediately | Trigger high-priority alert
2026-05-11 19:19:04,P001,combined_critical,142,88,37.5,2.62,22,EMERGENCY,Critical,Heart rate rising + SpO2 falling,Rising,Falling,Stable,Unstable,Possible physiological deterioration: HR rising while SpO2 is falling,"Trend analysis: HR is rising, SpO2 is falling, and temperature is stable. Overall stability: unstable.",High acceleration detected (possible fall) + Low SpO2 below personalized threshold (< 91%) + High heart rate above personalized threshold (> 110 bpm) + Heart rate rising over recent readings (avg change: +24.0 bpm) + Oxygen saturation falling over recent readings (avg change: -2.67%) + Rapid heart-rate increase detected + Rapid oxygen drop detected + Correlated deterioration pattern detected + Combined critical event after possible fall + Unstable vital-sign pattern detected,Call emergency contact immediately | Trigger high-priority alert | Escalated due to repeated emergency pattern
2026-05-11 19:19:05,P001,fall,103,90,37.9,3.67,17,EMERGENCY,Critical,Heart rate rising + SpO2 falling,Rising,Falling,Stable,Unstable,Possible physiological deterioration: HR rising while SpO2 is falling,"Trend analysis: HR is rising, SpO2 is falling, and temperature is stable. Overall stability: unstable.",High acceleration detected (possible fall) + Low SpO2 below personalized threshold (< 91%) + Heart rate rising over recent readings (avg change: +24.67 bpm) + Oxygen saturation falling over recent readings (avg change: -6%) + Correlated deterioration pattern detected + Combined critical event after possible fall + Unstable vital-sign pattern detected,Call emergency contact immediately | Trigger high-priority alert | Escalated due to repeated emergency pattern
2026-05-11 19:19:06,P001,low_oxygen,89,89,36.8,0.62,6,WARNING,Moderate,Heart rate rising + SpO2 falling + Temperature rising,Rising,Falling,Rising,Unstable,No early deterioration pattern detected,"Trend analysis: HR is rising, SpO2 is falling, and temperature is rising. Overall stability: unstable.",Low SpO2 below personalized threshold (< 91%) + Oxygen saturation falling over recent readings (avg change: -5.33%) + Unstable vital-sign pattern detected,Notify caregiver | Continue close monitoring
2026-05-11 19:19:07,P001,combined_critical,144,89,37.5,3.57,17,EMERGENCY,Critical,Heart rate falling + SpO2 falling,Falling,Falling,Stable,Unstable,No early deterioration pattern detected,"Trend analysis: HR is falling, SpO2 is falling, and temperature is stable. Overall stability: unstable.",High acceleration detected (possible fall) + Low SpO2 below personalized threshold (< 91%) + High heart rate above personalized threshold (> 110 bpm) + Oxygen saturation falling over recent readings (avg change: -4.0%) + Rapid heart-rate increase detected + Combined critical event after possible fall + Unstable vital-sign pattern detected,Call emergency contact immediately | Trigger high-priority alert
2026-05-11 19:19:08,P001,spo2_borderline,114,94,37.2,0.63,3,WARNING,Moderate,Heart rate falling,Falling,Stable,Stable,Unstable,No early deterioration pattern detected,"Trend analysis: HR is falling, SpO2 is stable, and temperature is stable. Overall stability: unstable.",High heart rate above personalized threshold (> 110 bpm) + Unstable vital-sign pattern detected,Notify caregiver | Continue close monitoring
2026-05-11 19:19:09,P001,normal,86,100,37.2,0.96,0,NORMAL,Low,Heart rate rising + SpO2 rising,Rising,Rising,Stable,Unstable,No early deterioration pattern detected,"Trend analysis: HR is rising, SpO2 is rising, and temperature is stable. Overall stability: unstable.",Vitals stable within personalized thresholds,Continue monitoring
2026-05-11 19:19:10,P001,normal,86,100,36.5,0.11,0,NORMAL,Low,Heart rate falling + SpO2 rising + Temperature falling,Falling,Rising,Falling,Unstable,No early deterioration pattern detected,"Trend analysis: HR is falling, SpO2 is rising, and temperature is falling. Overall stability: unstable.",Vitals stable within personalized thresholds,Continue monitoring
2026-05-11 19:19:11,P001,fall,95,90,37.2,3.6,12,EMERGENCY,Critical,Heart rate falling + SpO2 rising,Falling,Rising,Stable,Unstable,No early deterioration pattern detected,"Trend analysis: HR is falling, SpO2 is rising, and temperature is stable. Overall stability: unstable.",High acceleration detected (possible fall) + Low SpO2 below personalized threshold (< 91%) + Rapid oxygen drop detected + Combined critical event after possible fall + Unstable vital-sign pattern detected,Call emergency contact immediately | Trigger high-priority alert
2026-05-11 19:19:12,P001,normal,85,99,37.3,0.51,0,NORMAL,Low,Heart rate falling + SpO2 rising + Temperature falling,Falling,Rising,Falling,Unstable,No early deterioration pattern detected,"Trend analysis: HR is falling, SpO2 is rising, and temperature is falling. Overall stability: unstable.",Vitals stable within personalized thresholds,Continue monitoring
2026-05-11 19:19:13,P001,high_hr,143,96,36.9,0.5,5,WARNING,Moderate,Heart rate rising + SpO2 falling,Rising,Falling,Stable,Unstable,No early deterioration pattern detected,"Trend analysis: HR is rising, SpO2 is falling, and temperature is stable. Overall stability: unstable.",High heart rate above personalized threshold (> 110 bpm) + Heart rate rising over recent readings (avg change: +12.33 bpm) + Rapid heart-rate increase detected + Unstable vital-sign pattern detected,Notify caregiver | Continue close monitoring
2026-05-11 19:19:14,P001,normal,83,98,36.7,0.3,0,NORMAL,Low,Heart rate rising + SpO2 rising,Rising,Rising,Stable,Unstable,No early deterioration pattern detected,"Trend analysis: HR is rising, SpO2 is rising, and temperature is stable. Overall stability: unstable.",Vitals stable within personalized thresholds,Continue monitoring
2026-05-11 19:19:15,P001,gradual_deterioration,116,90,37.8,0.78,15,EMERGENCY,Critical,Heart rate rising + SpO2 falling,Rising,Falling,Stable,Unstable,Possible physiological deterioration: HR rising while SpO2 is falling,"Trend analysis: HR is rising, SpO2 is falling, and temperature is stable. Overall stability: unstable.",Low SpO2 below personalized threshold (< 91%) + High heart rate above personalized threshold (> 110 bpm) + Heart rate rising over recent readings (avg change: +25.33 bpm) + Oxygen saturation falling over recent readings (avg change: -1.67%) + Rapid heart-rate increase detected + Rapid oxygen drop detected + Correlated deterioration pattern detected + Unstable vital-sign pattern detected,Call emergency contact immediately | Trigger high-priority alert
2026-05-11 19:19:16,P001,spo2_borderline,104,93,37.5,0.31,2,NORMAL,Low,Heart rate falling + SpO2 falling,Falling,Falling,Stable,Unstable,No early deterioration pattern detected,"Trend analysis: HR is falling, SpO2 is falling, and temperature is stable. Overall stability: unstable.",Oxygen saturation falling over recent readings (avg change: -1.33%) + Unstable vital-sign pattern detected,Continue monitoring
2026-05-11 19:19:17,P001,low_oxygen,115,88,37.2,0.39,14,EMERGENCY,Critical,Heart rate rising + SpO2 falling + Temperature rising,Rising,Falling,Rising,Unstable,Possible physiological deterioration: HR rising while SpO2 is falling,"Trend analysis: HR is rising, SpO2 is falling, and temperature is rising. Overall stability: unstable.",Low SpO2 below personalized threshold (< 91%) + High heart rate above personalized threshold (> 110 bpm) + Heart rate rising over recent readings (avg change: +8.0 bpm) + Oxygen saturation falling over recent readings (avg change: -7.33%) + Rapid oxygen drop detected + Correlated deterioration pattern detected + Unstable vital-sign pattern detected,Call emergency contact immediately | Trigger high-priority alert
2026-05-11 22:22:48,P001,spo2_borderline,105,90,37.2,0.5,4,WARNING,Moderate,Stable,Stable,Stable,Stable,Collecting data,No early deterioration pattern detected,"Trend analysis: HR is stable, SpO2 is stable, and temperature is stable. Overall stability: collecting data.",Low SpO2 below personalized threshold (< 91%),Notify caregiver | Continue close monitoring
2026-05-11 22:22:48,P001,fall,123,89,37.7,3.95,14,EMERGENCY,Critical,Stable,Stable,Stable,Stable,Collecting data,No early deterioration pattern detected,"Trend analysis: HR is stable, SpO2 is stable, and temperature is stable. Overall stability: collecting data.",High acceleration detected (possible fall) + Low SpO2 below personalized threshold (< 91%) + High heart rate above personalized threshold (> 110 bpm) + Combined critical event after possible fall,Call emergency contact immediately | Trigger high-priority alert
2026-05-11 22:22:48,P001,normal,97,96,36.4,0.72,0,NORMAL,Low,Stable,Stable,Stable,Stable,Collecting data,No early deterioration pattern detected,"Trend analysis: HR is stable, SpO2 is stable, and temperature is stable. Overall stability: collecting data.",Vitals stable within personalized thresholds,Continue monitoring
2026-05-11 22:22:48,P001,normal,73,97,37.2,0.75,0,NORMAL,Low,Heart rate falling + SpO2 rising,Falling,Rising,Stable,Collecting data,No early deterioration pattern detected,"Trend analysis: HR is falling, SpO2 is rising, and temperature is stable. Overall stability: collecting data.",Vitals stable within personalized thresholds,Continue monitoring
2026-05-11 22:22:48,P001,normal,86,100,36.3,0.78,0,NORMAL,Low,Heart rate falling + SpO2 rising + Temperature falling,Falling,Rising,Falling,Unstable,No early deterioration pattern detected,"Trend analysis: HR is falling, SpO2 is rising, and temperature is falling. Overall stability: unstable.",Vitals stable within personalized thresholds,Continue monitoring
2026-05-11 22:22:48,P001,combined_critical,138,90,38.0,4.23,17,EMERGENCY,Critical,Heart rate falling + SpO2 rising,Falling,Rising,Stable,Unstable,No early deterioration pattern detected,"Trend analysis: HR is falling, SpO2 is rising, and temperature is stable. Overall stability: unstable.",High acceleration detected (possible fall) + Low SpO2 below personalized threshold (< 91%) + High heart rate above personalized threshold (> 110 bpm) + Elevated temperature + Rapid heart-rate increase detected + Rapid oxygen drop detected + Combined critical event after possible fall + Unstable vital-sign pattern detected,Call emergency contact immediately | Trigger high-priority alert
2026-05-11 22:22:48,P001,fall,133,96,36.9,3.11,11,EMERGENCY,Critical,Heart rate rising + SpO2 rising,Rising,Rising,Stable,Unstable,No early deterioration pattern detected,"Trend analysis: HR is rising, SpO2 is rising, and temperature is stable. Overall stability: unstable.",High acceleration detected (possible fall) + High heart rate above personalized threshold (> 110 bpm) + Heart rate rising over recent readings (avg change: +21.33 bpm) + Combined critical event after possible fall + Unstable vital-sign pattern detected,Call emergency contact immediately | Trigger high-priority alert | Escalated due to repeated emergency pattern
2026-05-11 22:22:48,P001,normal,71,100,36.7,0.39,0,NORMAL,Low,Heart rate rising + SpO2 falling + Temperature rising,Rising,Falling,Rising,Unstable,No early deterioration pattern detected,"Trend analysis: HR is rising, SpO2 is falling, and temperature is rising. Overall stability: unstable.",Vitals stable within personalized thresholds,Continue monitoring
2026-05-11 22:22:48,P001,gradual_deterioration,114,93,37.9,0.29,6,WARNING,Moderate,Heart rate rising,Rising,Stable,Stable,Unstable,No early deterioration pattern detected,"Trend analysis: HR is rising, SpO2 is stable, and temperature is stable. Overall stability: unstable.",High heart rate above personalized threshold (> 110 bpm) + Heart rate rising over recent readings (avg change: +7 bpm) + Rapid heart-rate increase detected + Rapid oxygen drop detected + Unstable vital-sign pattern detected,Notify caregiver | Continue close monitoring
2026-05-11 22:22:48,P001,high_hr,131,94,37.2,0.26,4,WARNING,Moderate,Heart rate falling,Falling,Stable,Stable,Unstable,No early deterioration pattern detected,"Trend analysis: HR is falling, SpO2 is stable, and temperature is stable. Overall stability: unstable.",High heart rate above personalized threshold (> 110 bpm) + Rapid heart-rate increase detected + Unstable vital-sign pattern detected,Notify caregiver | Continue close monitoring
2026-05-11 22:22:48,P001,high_hr,136,95,36.9,0.95,9,EMERGENCY,Critical,Heart rate rising + SpO2 falling,Rising,Falling,Stable,Unstable,Possible physiological deterioration: HR rising while SpO2 is falling,"Trend analysis: HR is rising, SpO2 is falling, and temperature is stable. Overall stability: unstable.",High heart rate above personalized threshold (> 110 bpm) + Heart rate rising over recent readings (avg change: +13 bpm) + Oxygen saturation falling over recent readings (avg change: -1.33%) + Correlated deterioration pattern detected + Unstable vital-sign pattern detected,Call emergency contact immediately | Trigger high-priority alert
2026-05-11 22:22:52,P001,low_oxygen,84,83,36.4,0.35,7,WARNING,Moderate,Heart rate rising + SpO2 falling + Temperature falling,Rising,Falling,Falling,Unstable,No early deterioration pattern detected,"Trend analysis: HR is rising, SpO2 is falling, and temperature is falling. Overall stability: unstable.",Low SpO2 below personalized threshold (< 91%) + Oxygen saturation falling over recent readings (avg change: -5.67%) + Rapid oxygen drop detected + Unstable vital-sign pattern detected,Notify caregiver | Continue close monitoring
2026-05-11 22:22:57,P001,normal,71,96,37.2,1.0,0,NORMAL,Low,Heart rate falling + SpO2 falling + Temperature falling,Falling,Falling,Falling,Unstable,No early deterioration pattern detected,"Trend analysis: HR is falling, SpO2 is falling, and temperature is falling. Overall stability: unstable.",Vitals stable within personalized thresholds,Continue monitoring
2026-05-11 22:23:04,P001,fall,88,93,37.3,3.76,8,EMERGENCY,Critical,Heart rate falling + SpO2 falling + Temperature falling,Falling,Falling,Falling,Unstable,No early deterioration pattern detected,"Trend analysis: HR is falling, SpO2 is falling, and temperature is falling. Overall stability: unstable.",High acceleration detected (possible fall) + Oxygen saturation falling over recent readings (avg change: -3.33%) + Rapid oxygen drop detected + Unstable vital-sign pattern detected,Call emergency contact immediately | Trigger high-priority alert
